fold,model,cutoff_date,mae,rmse,mape,wape
Fold_1,seasonal_naive,2026-03-16,9.492121848739496,14.548117243689456,56.42417166188732,37.838120760405324
Fold_1,baseline_ma4,2026-03-16,8.529936974789916,13.53331459737771,56.64970166956403,34.00259609747927
Fold_1,gradient_boosting,2026-03-16,12.652468851897806,18.690696833622866,98.19533825587874,50.436103956983125
Fold_2,seasonal_naive,2026-05-11,10.98834745762712,18.003052648398743,56.219809574805964,38.67347699649542
Fold_2,baseline_ma4,2026-05-11,9.76218220338983,15.862621124539222,44.31999731447605,34.3579897099396
Fold_2,gradient_boosting,2026-05-11,10.562496943286568,17.32999939450502,44.849267693795305,37.17469657170427
Fold_3,seasonal_naive,2026-07-06,12.984065934065933,21.20305739409161,103.08825806395024,43.709307487422315
Fold_3,baseline_ma4,2026-07-06,12.325824175824176,19.898751272323654,101.99685429224779,41.49341521160107
Fold_3,gradient_boosting,2026-07-06,12.095746369412742,18.654803317891368,115.21902297009179,40.71888575083455
