sku_id,week_start,forecast_units,lower_bound,upper_bound
SKU-001,2026-09-07,15.73668736428854,7.2929396773902635,24.18043505118682
SKU-001,2026-09-14,16.746625587207706,9.077390843803874,24.415860330611537
SKU-001,2026-09-21,17.527179670276226,9.143549098299177,25.910810242253277
SKU-001,2026-09-28,17.391641863537878,8.461703850819548,26.32157987625621
SKU-001,2026-10-05,12.486714491212592,11.425498051137147,13.547930931288036
SKU-001,2026-10-12,12.019324414389196,8.912134845251494,15.126513983526898
SKU-001,2026-10-19,11.692354171244183,7.7790411362733805,15.605667206214985
SKU-001,2026-10-26,11.692354171244183,8.207509237482126,15.17719910500624
SKU-002,2026-09-07,13.145242778279892,0.0,27.236463449321846
SKU-002,2026-09-14,12.046286514263778,2.842445147732313,21.250127880795244
SKU-002,2026-09-21,9.720167464710874,4.135122953062363,15.305211976359384
SKU-002,2026-09-28,11.151440342481736,5.855460658313928,16.447420026649546
SKU-002,2026-10-05,10.988039702546157,9.106517964148997,12.869561440943317
SKU-002,2026-10-12,9.960800010906592,8.716262767299348,11.205337254513836
SKU-002,2026-10-19,9.249605188364505,8.314847325908426,10.184363050820584
SKU-002,2026-10-26,8.609878121206862,7.445294797963071,9.774461444450653
SKU-003,2026-09-07,30.927053629158262,0.0,64.25567308751567
SKU-003,2026-09-14,31.136288144033827,5.982866189224843,56.28971009884281
SKU-003,2026-09-21,29.306715855345416,10.401736757758101,48.21169495293273
SKU-003,2026-09-28,34.2563156902131,17.68763457630765,50.82499680411855
SKU-003,2026-10-05,31.750385601990914,29.06360272773946,34.43716847624237
SKU-003,2026-10-12,29.11429667447758,26.457116205992353,31.771477142962805
SKU-003,2026-10-19,26.80005607689356,23.65863706167966,29.941475092107463
SKU-003,2026-10-26,26.943513948366917,22.74876908809643,31.138258808637403
SKU-004,2026-09-07,18.976281981766565,3.0531266725949564,34.899437290938174
SKU-004,2026-09-14,18.877199989996928,8.472617105147087,29.28178287484677
SKU-004,2026-09-21,17.559938671304508,6.4047926450726145,28.7150846975364
SKU-004,2026-09-28,17.25742839770829,5.878643130218972,28.636213665197605
SKU-004,2026-10-05,13.037689669990812,11.886699077301593,14.18868026268003
SKU-004,2026-10-12,12.569690376255757,9.283201809495083,15.856178943016431
SKU-004,2026-10-19,11.904599015602301,8.43823295840818,15.370965072796421
SKU-004,2026-10-26,11.428057849612674,8.282097731040706,14.574017968184643
SKU-005,2026-09-07,10.413582564928044,0.6347789571240696,20.192386172732018
SKU-005,2026-09-14,17.158438582584978,7.515727264694146,26.80114990047581
SKU-005,2026-09-21,16.03094552953355,5.812861524048696,26.249029535018405
SKU-005,2026-09-28,15.64695063946437,6.057216717477186,25.236684561451554
SKU-005,2026-10-05,11.425365630426814,7.525739219694703,15.324992041158925
SKU-005,2026-10-12,11.269636055808853,8.008977952192431,14.530294159425274
SKU-005,2026-10-19,10.374233459293901,6.998487690846618,13.749979227741184
SKU-005,2026-10-26,10.065460527534398,7.0024866562959325,13.128434398772864
SKU-006,2026-09-07,39.331883390111756,15.133484682759239,63.53028209746427
SKU-006,2026-09-14,40.85081525084618,19.64649093478276,62.0551395669096
SKU-006,2026-09-21,39.32723139784,19.492023890646966,59.16243890503304
SKU-006,2026-09-28,37.968382518883615,21.809633522641082,54.12713151512615
SKU-006,2026-10-05,43.266021445282426,41.73620037340589,44.79584251715896
SKU-006,2026-10-12,41.595149336220786,38.645053564122925,44.545245108318646
SKU-006,2026-10-19,43.86265489769303,40.804295538902295,46.92101425648376
SKU-006,2026-10-26,42.19561509834206,38.75356796370734,45.63766223297678
SKU-007,2026-09-07,16.84034554395311,0.0,42.95876576800188
SKU-007,2026-09-14,16.376297035856155,0.0,44.42870295116737
SKU-007,2026-09-21,11.70868450242009,0.0,33.68321066897569
SKU-007,2026-09-28,1.4486005764992897,0.0,7.439863149351607
SKU-007,2026-10-05,0.0,0.0,9.287192413701266
SKU-007,2026-10-12,0.0,0.0,10.319431022146436
SKU-007,2026-10-19,0.0,0.0,7.3451463085713975
SKU-007,2026-10-26,0.0,0.0,0.9408936743888761
SKU-008,2026-08-31,5.407952366423288,2.52752271097256,8.288382021874016
SKU-008,2026-09-07,10.70263095081865,7.4301004046526575,13.975161496984642
SKU-008,2026-09-14,11.667358397592741,8.077585071212239,15.257131723973243
SKU-008,2026-09-21,11.90455057107574,8.040543396827774,15.768557745323706
SKU-008,2026-09-28,12.922458914515742,8.956470130579694,16.88844769845179
SKU-008,2026-10-05,8.880098106181457,7.695987234906036,10.064208977456879
SKU-008,2026-10-12,9.034739387692753,6.787100364543118,11.282378410842387
SKU-008,2026-10-19,9.345167893219848,6.696217574649106,11.99411821179059
SKU-009,2026-08-31,4.515114455441186,0.0,10.372801712371176
SKU-009,2026-09-07,4.655473347604514,0.0,10.544822788239136
SKU-009,2026-09-14,5.008517249024673,0.0,10.25880448847787
SKU-009,2026-09-21,4.582059794988775,3.428784360350234,5.735335229627317
SKU-009,2026-09-28,4.719965635131692,4.434491329162888,5.005439941100497
SKU-009,2026-10-05,4.692857198064957,4.450311669373371,4.935402726756544
SKU-009,2026-10-12,4.692857198064957,4.456637493343988,4.929076902785927
SKU-009,2026-10-19,4.692857198064957,4.613272439718804,4.772441956411111
SKU-010,2026-09-07,14.601529957751962,0.0,37.41188944637029
SKU-010,2026-09-14,11.753005308946138,1.3749336320354644,22.13107698585681
SKU-010,2026-09-21,15.092313647414327,7.210749281508692,22.97387801331996
SKU-010,2026-09-28,13.147079010578219,5.237918388601228,21.05623963255521
SKU-010,2026-10-05,19.964522536240363,18.003421383191718,21.925623689289008
SKU-010,2026-10-12,20.059502029425868,15.397974026150493,24.721030032701243
SKU-010,2026-10-19,20.932131029449028,16.39380258763336,25.470459471264697
SKU-010,2026-10-26,22.275593736616713,17.583252259489566,26.96793521374386
SKU-011,2026-08-31,4.60998671284687,2.1509472662336195,7.06902615946012
SKU-011,2026-09-07,5.0418626663081145,2.784488573055043,7.299236759561186
SKU-011,2026-09-14,5.0418626663081145,3.415990440666849,6.6677348919493795
SKU-011,2026-09-21,5.0418626663081145,4.278737673932799,5.80498765868343
SKU-011,2026-09-28,4.785459921607106,4.504948261371307,5.065971581842904
SKU-011,2026-10-05,4.537029084251832,4.3704906163684845,4.703567552135179
SKU-011,2026-10-12,4.537029084251832,4.222628648808203,4.85142951969546
SKU-011,2026-10-19,4.537029084251832,4.223529976777358,4.850528191726306
SKU-012,2026-09-07,18.16682232529623,3.7597927910723214,32.57385185952014
SKU-012,2026-09-14,17.471264780384427,5.803471615669853,29.139057945099
SKU-012,2026-09-21,17.72988670980006,7.989828804506793,27.469944615093326
SKU-012,2026-09-28,17.78093592921828,7.518691710309909,28.043180148126652
SKU-012,2026-10-05,13.374610175344237,13.001676703147147,13.747543647541328
SKU-012,2026-10-12,12.371439537843443,9.5819812527467,15.160897822940186
SKU-012,2026-10-19,11.886162453555649,8.185828125436675,15.586496781674622
SKU-012,2026-10-26,11.559192210410636,8.06375700446183,15.054627416359441
SKU-013,2026-09-07,75.76809687460171,8.140093244448622,143.3961005047548
SKU-013,2026-09-14,55.80686078557079,6.836726516407886,104.7769950547337
SKU-013,2026-09-21,54.95122693156422,19.773852824607758,90.12860103852069
SKU-013,2026-09-28,54.59466031046085,20.2976517452951,88.8916688756266
SKU-013,2026-10-05,65.74058766693663,52.31141871541724,79.16975661845603
SKU-013,2026-10-12,58.65246839317947,51.72105609282539,65.58388069353354
SKU-013,2026-10-19,54.47269883865066,47.75218437276743,61.193213304533884
SKU-013,2026-10-26,52.64752266279795,45.77990567004581,59.51513965555009
SKU-014,2026-09-07,62.56473805159884,14.034463995088501,111.09501210810917
SKU-014,2026-09-14,58.92870624780717,13.930022078052659,103.92739041756168
SKU-014,2026-09-21,69.76799480123644,25.159312478476814,114.37667712399607
SKU-014,2026-09-28,50.361110206112066,19.435042208982722,81.28717820324141
SKU-014,2026-10-05,64.50177636813447,54.01814706102058,74.98540567524837
SKU-014,2026-10-12,61.15788608261357,50.37853306717477,71.93723909805237
SKU-014,2026-10-19,61.12810979860158,50.48045638527995,71.7757632119232
SKU-014,2026-10-26,57.81929198225463,49.82008222007321,65.81850174443605
SKU-015,2026-09-07,25.56339872837643,0.0,55.00507836796221
SKU-015,2026-09-14,34.73623793279046,18.41415529972381,51.05832056585711
SKU-015,2026-09-21,33.09036118852726,16.093509706447012,50.087212670607514
SKU-015,2026-09-28,34.36607932883237,15.997008904455459,52.735149753209285
SKU-015,2026-10-05,27.80696668761391,22.21007801774251,33.40385535748531
SKU-015,2026-10-12,24.173906207919998,20.007786151925565,28.34002626391443
SKU-015,2026-10-19,22.553467939363006,16.40133762620316,28.705598252522854
SKU-015,2026-10-26,22.71201807312981,15.901205169403806,29.52283097685581
SKU-016,2026-08-31,47.28721436210829,11.022562150898537,83.55186657331804
SKU-016,2026-09-07,30.75023357205183,0.0,80.48161873503828
SKU-016,2026-09-14,63.9242961240918,18.616316870291293,109.23227537789231
SKU-016,2026-09-21,62.67351190525381,36.57489339045256,88.77213042005506
SKU-016,2026-09-28,63.385757199073154,43.16292486012202,83.60858953802429
SKU-016,2026-10-05,69.29830135125412,48.12805403867447,90.46854866383379
SKU-016,2026-10-12,88.41025301250312,84.4756518576014,92.34485416740483
SKU-016,2026-10-19,51.25938445874057,35.64737629455817,66.87139262292297
SKU-017,2026-08-31,3.8082780863789014,0.0,10.71276032619964
SKU-017,2026-09-07,4.3021513682050125,0.0,11.077218726679515
SKU-017,2026-09-14,3.4723560746996065,1.4822895821683615,5.462422567230852
SKU-017,2026-09-21,3.4723560746996065,1.56211885909772,5.382593290301493
SKU-017,2026-09-28,3.4723560746996065,2.96275349894979,3.981958650449423
SKU-017,2026-10-05,3.9494739730009174,3.410506119913583,4.488441826088252
SKU-017,2026-10-12,3.0491407328110087,2.7392435674141273,3.35903789820789
SKU-017,2026-10-19,3.0491407328110087,2.5712392597127693,3.527042205909248
SKU-018,2026-09-07,45.99045240614601,8.785991988072482,83.19491282421954
SKU-018,2026-09-14,44.62591450388233,21.379804408963277,67.87202459880137
SKU-018,2026-09-21,48.08251659362243,26.11850768021033,70.04652550703453
SKU-018,2026-09-28,48.309003313600236,28.585483115020217,68.03252351218026
SKU-018,2026-10-05,45.50757297340155,43.22102874736499,47.79411719943811
SKU-018,2026-10-12,45.114199487178354,42.71829852443649,47.510100449920216
SKU-018,2026-10-19,45.049983724570424,42.87297828706939,47.22698916207146
SKU-018,2026-10-26,47.61018543525565,45.589208653867814,49.63116221664349
SKU-019,2026-09-07,16.861457916716013,1.1830491964408587,32.539866636991164
SKU-019,2026-09-14,14.888462264637486,6.027448321832148,23.749476207442825
SKU-019,2026-09-21,14.923503959732527,6.917052767249494,22.92995515221556
SKU-019,2026-09-28,14.937374236924587,6.693384074409478,23.181364399439694
SKU-019,2026-10-05,12.864734368289499,11.601129698862252,14.128339037716746
SKU-019,2026-10-12,12.052487040856692,10.719592517521136,13.385381564192247
SKU-019,2026-10-19,11.461196412584231,9.557923869889981,13.36446895527848
SKU-019,2026-10-26,10.930860797228506,8.957864963161459,12.903856631295554
SKU-020,2026-08-31,36.58772580083741,22.78385406135794,50.39159754031688
SKU-020,2026-09-07,40.547689382506874,27.4202403229489,53.67513844206485
SKU-020,2026-09-14,44.710881099302526,33.77352116400534,55.648241034599714
SKU-020,2026-09-21,43.67781543826706,37.592977757452715,49.762653119081406
SKU-020,2026-09-28,43.588691897483024,38.843298204576946,48.3340855903891
SKU-020,2026-10-05,42.68443081843449,40.35121869958672,45.01764293728227
SKU-020,2026-10-12,48.11393169009727,47.03712141913635,49.19074196105819
SKU-020,2026-10-19,39.488330612579205,36.318552382881236,42.65810884227717
SKU-021,2026-09-07,9.064213664471088,0.8912781453323255,17.23714918360985
SKU-021,2026-09-14,9.671497052027506,1.8512953625562814,17.49169874149873
SKU-021,2026-09-21,7.145408444483246,0.9195504804645438,13.371266408501949
SKU-021,2026-09-28,6.85750849718503,1.7099702429625188,12.00504675140754
SKU-021,2026-10-05,7.845080040591854,6.034847566312535,9.655312514871172
SKU-021,2026-10-12,6.296969359909608,4.654521646058038,7.939417073761177
SKU-021,2026-10-19,5.773716037481734,4.937001707897235,6.6104303670662325
SKU-021,2026-10-26,5.773716037481734,4.622453985879782,6.924978089083685
SKU-022,2026-09-07,55.49802870176611,1.2849075962625065,109.71114980726972
SKU-022,2026-09-14,54.293675872525014,1.299291837163949,107.28805990788608
SKU-022,2026-09-21,46.37949152214437,5.738915965878384,87.02006707841036
SKU-022,2026-09-28,54.342034822745624,26.524464449868375,82.15960519562287
SKU-022,2026-10-05,60.4426523644086,54.98291435280774,65.90239037600946
SKU-022,2026-10-12,47.369013212636595,39.87990843107493,54.85811799419826
SKU-022,2026-10-19,41.15579936767183,32.61341503487772,49.69818370046595
SKU-022,2026-10-26,42.85433268976574,31.977883632989354,53.73078174654213
SKU-023,2026-08-31,4.16870262071648,0.9211073565248347,7.416297884908125
SKU-023,2026-09-07,4.21659030003945,2.4285141393432594,6.004666460735641
SKU-023,2026-09-14,3.861178365214725,3.2823586977500336,4.439998032679416
SKU-023,2026-09-21,3.861178365214725,3.230901322600517,4.491455407828933
SKU-023,2026-09-28,3.861178365214725,3.611283460149672,4.111073270279778
SKU-023,2026-10-05,4.338296263516036,4.1074494402412425,4.56914308679083
SKU-023,2026-10-12,4.338296263516036,4.028399098119154,4.6481934289129185
SKU-023,2026-10-19,4.338296263516036,3.980457839790053,4.6961346872420195
SKU-024,2026-08-31,21.651399070290072,12.816984828247762,30.485813312332382
SKU-024,2026-09-07,25.049178476876126,16.120944474133104,33.97741247961915
SKU-024,2026-09-14,23.887165154783006,19.598537870373843,28.17579243919217
SKU-024,2026-09-21,22.359620730536644,19.899160039342682,24.820081421730606
SKU-024,2026-09-28,22.28621306490926,20.303228077727496,24.26919805209102
SKU-024,2026-10-05,21.64773267986148,19.924371966379464,23.371093393343497
SKU-024,2026-10-12,21.21097859859879,19.976816745456688,22.44514045174089
SKU-024,2026-10-19,20.327147536874875,19.61701074714527,21.037284326604482
SKU-025,2026-09-07,49.58654863751068,0.0,106.319475584743
SKU-025,2026-09-14,50.813763655264445,0.0,103.93730151151274
SKU-025,2026-09-21,39.371413660882155,15.70179109936506,63.04103622239925
SKU-025,2026-09-28,39.23014982680141,15.795699267043037,62.66460038655978
SKU-025,2026-10-05,47.389245512406134,39.18850501203964,55.58998601277263
SKU-025,2026-10-12,41.64188547806014,34.069937769600045,49.21383318652023
SKU-025,2026-10-19,43.15439328690932,38.195309519956666,48.11347705386197
SKU-025,2026-10-26,43.530084394031114,39.07656193386395,47.98360685419828
SKU-026,2026-09-07,37.99550357918099,4.706992047422773,71.28401511093921
SKU-026,2026-09-14,41.20398840821531,13.885437813039857,68.52253900339076
SKU-026,2026-09-21,35.909207906217055,12.248484051187404,59.56993176124671
SKU-026,2026-09-28,33.78013275818266,15.137669110842495,52.422596405522825
SKU-026,2026-10-05,38.97957190320382,34.869981652965166,43.08916215344247
SKU-026,2026-10-12,37.998088687227245,33.737411602819165,42.258765771635325
SKU-026,2026-10-19,36.916946246716705,33.91431893024541,39.919573563188
SKU-026,2026-10-26,36.938668205919264,34.00858796905834,39.86874844278019
SKU-027,2026-09-07,23.031257469222602,0.899902449703351,45.16261248874186
SKU-027,2026-09-14,20.03522945528282,3.706561040979384,36.36389786958625
SKU-027,2026-09-21,21.04806995678012,9.181903017946759,32.914236895613485
SKU-027,2026-09-28,19.788988844277974,9.674891459248165,29.90308622930778
SKU-027,2026-10-05,22.1040218745678,20.188462264078407,24.01958148505719
SKU-027,2026-10-12,20.153056256754525,18.778995667243123,21.527116846265926
SKU-027,2026-10-19,21.054174021442133,19.712556342921616,22.39579169996265
SKU-027,2026-10-26,20.262427140231708,18.920101184660414,21.604753095803
SKU-028,2026-09-07,7.187759909311904,0.7360159590299338,13.639503859593873
SKU-028,2026-09-14,6.77780077598149,3.103805014095718,10.451796537867262
SKU-028,2026-09-21,7.346615723792118,3.1947771116459736,11.498454335938263
SKU-028,2026-09-28,7.5642443685126555,4.234476958240579,10.894011778784732
SKU-028,2026-10-05,5.867113263225265,5.435545705432036,6.298680821018495
SKU-028,2026-10-12,4.692699075938415,3.7085159188226022,5.6768822330542275
SKU-028,2026-10-19,4.692699075938415,2.942415414390187,6.442982737486643
SKU-028,2026-10-26,4.800123504123875,3.036016679801576,6.5642303284461745
SKU-029,2026-08-31,8.434360909945655,4.395487304594777,12.473234515296532
SKU-029,2026-09-07,8.820474199908665,4.725886323998393,12.915062075818938
SKU-029,2026-09-14,7.587473278412454,6.568573482201221,8.606373074623686
SKU-029,2026-09-21,7.798630474528736,7.105273929239361,8.49198701981811
SKU-029,2026-09-28,6.532661188152112,5.794044586684872,7.271277789619352
SKU-029,2026-10-05,6.381809855552147,5.163294201762393,7.600325509341901
SKU-029,2026-10-12,6.013969542900048,5.0769455221244595,6.950993563675636
SKU-029,2026-10-19,6.013969542900048,5.0061904666425665,7.021748619157529
SKU-030,2026-09-07,11.519264420394073,1.6616848493228868,21.376843991465257
SKU-030,2026-09-14,11.501962951673669,1.8641039744389385,21.139821928908397
SKU-030,2026-09-21,11.121832903472702,5.494166997665289,16.749498809280116
SKU-030,2026-09-28,9.640713978833013,4.840684103993133,14.440743853672892
SKU-030,2026-10-05,10.945046509515697,9.789847899908164,12.10024511912323
SKU-030,2026-10-12,10.849789064752033,9.799444083616182,11.900134045887883
SKU-030,2026-10-19,10.245351985707865,9.368205066119891,11.122498905295839
SKU-030,2026-10-26,10.138594242209946,9.352638289547043,10.924550194872849
SKU-031,2026-09-07,77.22350517261825,22.536469460303394,131.91054088493308
SKU-031,2026-09-14,59.988575186103745,11.368565448989898,108.60858492321759
SKU-031,2026-09-21,55.55396827635769,17.54508483472931,93.56285171798608
SKU-031,2026-09-28,56.57337007318025,18.685691256204542,94.46104889015595
SKU-031,2026-10-05,56.48608926254456,43.35890231084753,69.61327621424158
SKU-031,2026-10-12,47.04207051021669,44.512212016354795,49.571929004078584
SKU-031,2026-10-19,48.321035391331975,42.3397770140181,54.30229376864585
SKU-031,2026-10-26,46.97682476492777,40.305958807586585,53.647690722268955
SKU-032,2026-09-07,58.47058285315705,11.604583717322974,105.33658198899113
SKU-032,2026-09-14,52.02353374307711,10.123084462717664,93.92398302343656
SKU-032,2026-09-21,53.78769394312043,13.707811947600753,93.8675759386401
SKU-032,2026-09-28,50.50127131911432,23.147720938310368,77.85482169991828
SKU-032,2026-10-05,56.699625174295726,52.211610904068195,61.187639444523256
SKU-032,2026-10-12,52.89486545775434,49.43764035660314,56.352090558905545
SKU-032,2026-10-19,49.098861933822285,45.77207844127253,52.42564542637204
SKU-032,2026-10-26,44.05779517082885,39.73677516444718,48.37881517721051
SKU-033,2026-09-07,67.00022666905691,6.622897521437281,127.37755581667655
SKU-033,2026-09-14,57.17074242541254,4.67608162508121,109.66540322574387
SKU-033,2026-09-21,51.26731337696939,21.952119694863832,80.58250705907494
SKU-033,2026-09-28,48.35602887030388,18.884018273784775,77.82803946682299
SKU-033,2026-10-05,50.30620835720057,39.615257205343546,60.99715950905759
SKU-033,2026-10-12,44.62987407503666,39.69931597817096,49.56043217190236
SKU-033,2026-10-19,44.43873802316912,40.626201319099856,48.25127472723839
SKU-033,2026-10-26,44.626400913154605,40.881708872914,48.37109295339521
SKU-034,2026-09-07,70.06774210132046,0.0,159.1695097605538
SKU-034,2026-09-14,56.436841315681576,16.898067422212662,95.97561520915049
SKU-034,2026-09-21,64.30220632137598,33.84510078743493,94.75931185531702
SKU-034,2026-09-28,62.0326403471681,30.27372932037158,93.79155137396461
SKU-034,2026-10-05,59.67415087231801,52.345480458734464,67.00282128590155
SKU-034,2026-10-12,102.34500449808746,97.97517781435324,106.71483118182168
SKU-034,2026-10-19,62.962478632688814,36.644864163209945,89.28009310216768
SKU-034,2026-10-26,66.75283672257723,40.19893878989337,93.3067346552611
SKU-035,2026-09-07,6.567046120988492,0.0,14.38829122646882
SKU-035,2026-09-14,5.644681299267432,0.0,12.014852417279688
SKU-035,2026-09-21,5.447716138305102,1.8618030434620199,9.033629233148185
SKU-035,2026-09-28,5.447716138305102,2.211188105324355,8.68424417128585
SKU-035,2026-10-05,5.959904195037657,5.26497479546551,6.654833594609804
SKU-035,2026-10-12,5.5268267120514665,5.212714294182112,5.840939129920821
SKU-035,2026-10-19,5.081407200480719,4.7621620814276335,5.400652319533804
SKU-035,2026-10-26,5.081407200480719,4.612958956116945,5.549855444844493
SKU-036,2026-09-07,61.4836762175152,6.8468067976811255,116.12054563734928
SKU-036,2026-09-14,31.77952964746824,0.0,75.73873060016464
SKU-036,2026-09-21,46.03921915119832,0.7661086103440269,91.3123296920526
SKU-036,2026-09-28,27.618399699436875,0.0,58.8042725182013
SKU-036,2026-10-05,18.24115005892468,0.0,38.18221314521125
SKU-036,2026-10-12,12.306433755739166,0.0,27.324860786088546
SKU-036,2026-10-19,11.459264830398189,0.0,30.608404061603892
SKU-036,2026-10-26,2.330278619800189,0.0,12.00381972810289
SKU-037,2026-09-07,14.629577270740194,1.8410325920052433,27.418121949475143
SKU-037,2026-09-14,15.915722715130967,3.164881835946405,28.666563594315527
SKU-037,2026-09-21,16.43291294675042,8.263399662070357,24.602426231430485
SKU-037,2026-09-28,14.707174895635196,6.4258724642268295,22.98847732704356
SKU-037,2026-10-05,12.63453502700011,11.471523660964403,13.797546393035818
SKU-037,2026-10-12,12.29882886555693,10.105930028122318,14.491727702991541
SKU-037,2026-10-19,12.219872905638592,9.71255091617409,14.727194895103095
SKU-037,2026-10-26,0.0,0.0,1.5266468384777374
SKU-038,2026-09-07,12.04915965589158,2.422536416146505,21.675782895636658
SKU-038,2026-09-14,14.504286380492045,4.871744284712612,24.13682847627148
SKU-038,2026-09-21,14.763883399448723,7.79530141633953,21.732465382557915
SKU-038,2026-09-28,14.628345592710373,7.453294961582911,21.803396223837836
SKU-038,2026-10-05,12.228735480930276,10.545377057707412,13.912093904153139
SKU-038,2026-10-12,11.932333740680072,10.365193200948031,13.499474280412112
SKU-038,2026-10-19,10.905094049040507,8.935809067357408,12.874379030723606
SKU-038,2026-10-26,10.905094049040507,8.858531328534216,12.951656769546798
SKU-039,2026-08-31,3.9110602248462043,0.013945907816230285,7.808174541876179
SKU-039,2026-09-07,4.025423097048146,0.7734657691212234,7.277380424975069
SKU-039,2026-09-14,3.646744094259292,1.4037510865048382,5.889737102013745
SKU-039,2026-09-21,3.2553622042729637,1.3856552808856664,5.125069127660261
SKU-039,2026-09-28,3.2553622042729637,2.811267652396784,3.6994567561491434
SKU-039,2026-10-05,3.8624745811428904,3.382863667754885,4.342085494530896
SKU-039,2026-10-12,3.5492814170047238,3.1577573360486895,3.940805497960758
SKU-039,2026-10-19,3.223528752370694,2.84702467341136,3.6000328313300285
SKU-040,2026-08-31,7.33234324367328,5.1138133250109234,9.550873162335636
SKU-040,2026-09-07,10.046773283928182,7.439104113300823,12.654442454555541
SKU-040,2026-09-14,9.87756004100211,7.828842751497801,11.926277330506418
SKU-040,2026-09-21,10.168510857516235,8.13190830425053,12.20511341078194
SKU-040,2026-09-28,11.714577613091205,9.954943856239165,13.474211369943244
SKU-040,2026-10-05,10.26676589497627,9.162288536226523,11.371243253726018
SKU-040,2026-10-12,10.160008151478348,9.09228480440421,11.227731498552485
SKU-040,2026-10-19,10.160008151478348,9.173231370181693,11.146784932775002
SKU-041,2026-08-31,2.3719424649333756,0.6948914818085332,4.0489934480582175
SKU-041,2026-09-07,2.3525025786883087,0.7210476893173321,3.9839574680592853
SKU-041,2026-09-14,2.3525025786883087,1.2575554626976393,3.447449694678978
SKU-041,2026-09-21,2.3525025786883087,1.4697372541485114,3.235267903228106
SKU-041,2026-09-28,2.3525025786883087,2.339876002187128,2.3651291551894893
SKU-041,2026-10-05,2.8296204769896187,2.8296204769896187,2.8296204769896187
SKU-041,2026-10-12,3.467711013690974,3.157813848294093,3.777608179087855
SKU-041,2026-10-19,2.823901967917887,2.137557484894552,3.5102464509412217
SKU-042,2026-09-07,44.40714993504549,8.266798525575211,80.54750134451577
SKU-042,2026-09-14,54.331488856763876,25.99227535278951,82.67070236073825
SKU-042,2026-09-21,47.078336005711215,18.24490860187518,75.91176340954725
SKU-042,2026-09-28,45.15286763404205,20.127305396523973,70.17842987156013
SKU-042,2026-10-05,42.23798779355377,36.34742439596377,48.12855119114377
SKU-042,2026-10-12,36.67395080634249,29.978956115905554,43.368945496779425
SKU-042,2026-10-19,37.21187319001011,31.321451622390278,43.10229475762994
SKU-042,2026-10-26,37.558323201856716,32.25558394042033,42.8610624632931
SKU-043,2026-08-31,35.40761484760651,3.1597951538659714,67.65543454134705
SKU-043,2026-09-07,48.58972119972338,1.9356492838490098,95.24379311559775
SKU-043,2026-09-14,63.75768580774783,24.115848079592062,103.3995235359036
SKU-043,2026-09-21,56.28050986407497,40.920508324395,71.64051140375494
SKU-043,2026-09-28,55.25366386923296,39.529149943054804,70.97817779541111
SKU-043,2026-10-05,55.185951866816595,47.11774625962266,63.254157474010526
SKU-043,2026-10-12,64.58064223906273,59.22511932867902,69.93616514944642
SKU-043,2026-10-19,56.0589284025722,50.172479631385556,61.94537717375884
SKU-044,2026-09-07,14.392990918057308,1.5605369438558032,27.225444892258814
SKU-044,2026-09-14,0.0,0.0,7.8453109055372305
SKU-044,2026-09-21,0.0,0.0,9.295695705007542
SKU-044,2026-09-28,0.0,0.0,8.999239022747371
SKU-044,2026-10-05,0.0,0.0,9.348521828607254
SKU-044,2026-10-12,0.0,0.0,0.0
SKU-044,2026-10-19,0.0,0.0,0.0
SKU-044,2026-10-26,0.0,0.0,0.0
SKU-045,2026-08-31,7.570973858493325,0.0,16.998327675975727
SKU-045,2026-09-07,9.878520842360427,0.32006210816251723,19.436979576558336
SKU-045,2026-09-14,10.368447510387037,1.0351076597057123,19.701787361068362
SKU-045,2026-09-21,10.292018036283505,5.9205323622912625,14.663503710275748
SKU-045,2026-09-28,11.864613692728183,10.147311730869866,13.5819156545865
SKU-045,2026-10-05,10.19547957432471,9.065927241867387,11.325031906782032
SKU-045,2026-10-12,10.088721830826787,9.058825576524098,11.118618085129475
SKU-045,2026-10-19,9.827322805817571,8.735634495219468,10.919011116415675
SKU-046,2026-09-07,7.1574079497330825,0.0,15.534273413616337
SKU-046,2026-09-14,5.741733066867994,0.0,13.305354485489246
SKU-046,2026-09-21,5.256650397831181,2.1368944409853086,8.376406354677053
SKU-046,2026-09-28,5.176927593253565,2.344311662196529,8.009543524310601
SKU-046,2026-10-05,5.946120558779775,4.754352904417766,7.137888213141784
SKU-046,2026-10-12,5.946120558779775,5.461591054216956,6.430650063342594
SKU-046,2026-10-19,5.067623564222837,4.518993365040788,5.6162537634048855
SKU-046,2026-10-26,5.067623564222837,4.447026667644234,5.688220460801439
SKU-047,2026-08-31,4.532067667974948,0.0,9.435828979458206
SKU-047,2026-09-07,7.55322748132189,3.2435055938935884,11.86294936875019
SKU-047,2026-09-14,7.688765288060243,3.492139187178598,11.885391388941889
SKU-047,2026-09-21,8.349319448888268,6.417804195825645,10.28083470195089
SKU-047,2026-09-28,0.0,0.0,2.2106567223737597
SKU-047,2026-10-05,0.0,0.0,5.127608502549792
SKU-047,2026-10-12,0.0,0.0,6.024475379979723
SKU-047,2026-10-19,0.0,0.0,5.423042060286547
SKU-048,2026-09-07,17.738012433135857,0.0,36.9473851454344
SKU-048,2026-09-14,14.339523152669642,2.7003405614668985,25.978705743872386
SKU-048,2026-09-21,13.752902312143215,3.5982480509369825,23.907556573349446
SKU-048,2026-09-28,12.819945368804575,3.2702082123209077,22.36968252528824
SKU-048,2026-10-05,12.836818478476669,10.052159653926758,15.62147730302658
SKU-048,2026-10-12,12.522032966126396,11.557089764602424,13.486976167650369
SKU-048,2026-10-19,11.40040672249821,10.707642150508049,12.093171294488373
SKU-048,2026-10-26,10.80294294325475,9.921530148311323,11.684355738198178
SKU-049,2026-08-31,4.248376796096195,0.2095031907453171,8.287250401447071
SKU-049,2026-09-07,4.498940665729347,0.643641328093838,8.354240003364858
SKU-049,2026-09-14,4.333787225965116,2.092672320766682,6.57490213116355
SKU-049,2026-09-21,4.2540644213875005,3.1805565360461205,5.3275723067288805
SKU-049,2026-09-28,4.149374400652967,3.997647480872709,4.301101320433224
SKU-049,2026-10-05,4.5492922712171735,4.357799622376059,4.740784920058288
SKU-049,2026-10-12,4.5492922712171735,4.32907433070414,4.769510211730207
SKU-049,2026-10-19,4.904704206041899,4.638177701696691,5.171230710387107
SKU-050,2026-08-24,2.850568014127003,0.4788597690007186,5.222276259253288
SKU-050,2026-08-31,2.850568014127003,0.5125540171161425,5.188582011137864
SKU-050,2026-09-07,2.613661688596664,1.0010922832538942,4.226231093939434
SKU-050,2026-09-14,2.9083231896473616,2.0973714130580223,3.719274966236701
SKU-050,2026-09-21,2.9083231896473616,2.738226093544173,3.0784202857505503
SKU-050,2026-09-28,2.9083231896473616,2.7259764837929277,3.0906698955017955
SKU-050,2026-10-05,2.9821856234644497,2.79079736439408,3.173573882534819
SKU-050,2026-10-12,2.9821856234644497,2.9342105654112407,3.0301606815176587
SKU-051,2026-08-31,24.665975906986205,16.38195514409576,32.949996669876654
SKU-051,2026-09-07,27.222614168797072,19.69750077993583,34.747727557658315
SKU-051,2026-09-14,24.14362781635666,17.58883752074517,30.69841811196815
SKU-051,2026-09-21,28.31894592053729,23.048109457746463,33.589782383328114
SKU-051,2026-09-28,27.280661638731605,24.675320479148425,29.886002798314784
SKU-051,2026-10-05,31.783884060848095,29.44087618331588,34.12689193838031
SKU-051,2026-10-12,27.44209950282747,23.351149914216652,31.53304909143829
SKU-051,2026-10-19,28.88075095552629,26.15048162502166,31.611020286030918
SKU-052,2026-09-07,48.326386969468416,2.8662395873932027,93.78653435154362
SKU-052,2026-09-14,30.915480226749033,0.4497910058822079,61.38116944761586
SKU-052,2026-09-21,32.61090176416582,5.9272333390659355,59.2945701892657
SKU-052,2026-09-28,30.578732031776283,11.804387389435707,49.35307667411686
SKU-052,2026-10-05,30.291693645272336,19.216724156120904,41.36666313442377
SKU-052,2026-10-12,34.17748121288405,32.82707531604439,35.5278871097237
SKU-052,2026-10-19,8.344239578205231,5.96970644276886,10.718772713641602
SKU-052,2026-10-26,6.591011145489342,0.0,21.922745237911215
SKU-053,2026-09-07,86.10527005165598,15.1519403200641,157.05859978324787
SKU-053,2026-09-14,76.67308833969432,11.240853905686834,142.1053227737018
SKU-053,2026-09-21,62.875675182223304,20.640331801690436,105.11101856275617
SKU-053,2026-09-28,57.77314971507953,15.504187694013083,100.04211173614598
SKU-053,2026-10-05,67.15825754545686,50.36721126344419,83.94930382746954
SKU-053,2026-10-12,62.99039594514592,52.580752432763234,73.4000394575286
SKU-053,2026-10-19,58.99192065364863,54.00201874761402,63.98182255968324
SKU-053,2026-10-26,58.55915520977437,53.03718320697332,64.08112721257541
SKU-054,2026-09-07,19.532571353008095,0.0,40.191634134267076
SKU-054,2026-09-14,19.041940087618677,0.0,39.993933188018374
SKU-054,2026-09-21,16.54180567516958,1.1017364906546216,31.981874859684538
SKU-054,2026-09-28,13.458939892950555,3.330563173248013,23.587316612653098
SKU-054,2026-10-05,14.255990139096154,10.639640115452199,17.87234016274011
SKU-054,2026-10-12,13.421519520287537,10.159015568678905,16.684023471896168
SKU-054,2026-10-19,11.49957513112068,9.594876691259753,13.404273570981609
SKU-054,2026-10-26,11.207057604645906,9.685470680444112,12.728644528847699
SKU-055,2026-09-07,14.545646027123793,0.0,29.805888489155645
SKU-055,2026-09-14,13.527241261071119,0.9621635144265284,26.09231900771571
SKU-055,2026-09-21,11.934709691300792,0.6235727998313507,23.245846582770234
SKU-055,2026-09-28,11.45196234387957,3.318918031855901,19.58500665590324
SKU-055,2026-10-05,11.49957513112068,9.643381952615046,13.355768309626315
SKU-055,2026-10-12,11.207057604645906,9.942077303080183,12.472037906211629
SKU-055,2026-10-19,9.883416172756126,9.49017069988022,10.276661645632032
SKU-055,2026-10-26,9.353400892595845,8.363220133389987,10.343581651801703
SKU-056,2026-08-31,7.509257110822651,1.7483977999211957,13.270116421724108
SKU-056,2026-09-07,10.296192820117033,6.213385705596222,14.378999934637845
SKU-056,2026-09-14,9.792003559697736,5.94705060932726,13.636956510068213
SKU-056,2026-09-21,8.66939252668335,6.912216167138068,10.426568886228631
SKU-056,2026-09-28,10.345866389987016,8.733593249671562,11.95813953030247
SKU-056,2026-10-05,8.22926766232135,7.2174110855720395,9.241124239070661
SKU-056,2026-10-12,8.103406444050481,6.83208300946261,9.374729878638352
SKU-056,2026-10-19,7.6114316301258444,6.267221515464584,8.955641744787105
SKU-057,2026-08-31,17.539732253112764,0.32645612682001257,34.753008379405514
SKU-057,2026-09-07,18.483229267485317,9.515676182450058,27.450782352520577
SKU-057,2026-09-14,16.056720014462115,7.343988086606553,24.76945194231768
SKU-057,2026-09-21,14.492080440957999,9.362886266223594,19.621274615692403
SKU-057,2026-09-28,13.477814510441092,11.207809488050295,15.74781953283189
SKU-057,2026-10-05,13.521709273613734,10.690546717712794,16.352871829514676
SKU-057,2026-10-12,12.782159082118296,11.213537516544893,14.3507806476917
SKU-057,2026-10-19,11.984739945518006,11.07178749689066,12.897692394145352
SKU-058,2026-09-07,14.566370377803556,0.0,31.437203196606546
SKU-058,2026-09-14,12.28368010994816,0.0,26.779739704891064
SKU-058,2026-09-21,11.956620412298832,2.3956305140492393,21.517610310548427
SKU-058,2026-09-28,11.181355538402835,3.2836756019036217,19.07903547490205
SKU-058,2026-10-05,10.920154046359071,9.03010500175982,12.810203090958323
SKU-058,2026-10-12,10.781872770811772,9.949675595752378,11.614069945871165
SKU-058,2026-10-19,11.29035063230267,10.608895602692973,11.971805661912368
SKU-058,2026-10-26,10.823287894571804,10.519929445414194,11.126646343729414
SKU-059,2026-08-31,34.8105302917272,6.481272006343161,63.13978857711123
SKU-059,2026-09-07,36.59062269561872,9.442258307585014,63.738987083652425
SKU-059,2026-09-14,33.45182906022255,14.817350591291522,52.08630752915358
SKU-059,2026-09-21,28.592900254289454,18.739465036733698,38.44633547184521
SKU-059,2026-09-28,33.197051347314705,28.742617984350908,37.6514847102785
SKU-059,2026-10-05,32.34027049195648,28.0612555296022,36.61928545431076
SKU-059,2026-10-12,29.341603643359434,26.415528655934246,32.26767863078462
SKU-059,2026-10-19,26.627127187130906,23.712913878133723,29.54134049612809
SKU-060,2026-09-07,77.68660424253508,0.0,156.9563178789549
SKU-060,2026-09-14,40.201022487478056,0.0,85.75357816965074
SKU-060,2026-09-21,53.03140331312641,5.21059401500974,100.85221261124309
SKU-060,2026-09-28,66.27424340210234,33.37436720703439,99.17411959717029
SKU-060,2026-10-05,47.859670230324596,26.769148520851353,68.95019193979783
SKU-060,2026-10-12,53.3761730808747,39.12468032331977,67.62766583842962
SKU-060,2026-10-19,44.5515671254218,34.36338212748167,54.739752123361924
SKU-060,2026-10-26,48.946055826964795,36.52806002029862,61.36405163363097
